Period;June 30, 2016 12:00 AM -> May 22, 2023 2:14 PM;

Time;Pont de Fil Cyclist;
Thu Jun 30, 2016;475;
Fri Jul 1, 2016;1059;
Sat Jul 2, 2016;1080;
Sun Jul 3, 2016;1297;
Mon Jul 4, 2016;1053;
Tue Jul 5, 2016;1256;
Wed Jul 6, 2016;1453;
Thu Jul 7, 2016;1131;
Fri Jul 8, 2016;1196;
Sat Jul 9, 2016;1163;
Sun Jul 10, 2016;916;
Mon Jul 11, 2016;1097;
Tue Jul 12, 2016;1083;
Wed Jul 13, 2016;1009;
Thu Jul 14, 2016;1078;
Fri Jul 15, 2016;1146;
Sat Jul 16, 2016;1144;
Sun Jul 17, 2016;1275;
Mon Jul 18, 2016;1003;
Tue Jul 19, 2016;1118;
Wed Jul 20, 2016;1022;
Thu Jul 21, 2016;1190;
Fri Jul 22, 2016;1178;
Sat Jul 23, 2016;1068;
Sun Jul 24, 2016;1338;
Mon Jul 25, 2016;1128;
Tue Jul 26, 2016;1237;
Wed Jul 27, 2016;1180;
Thu Jul 28, 2016;1203;
Fri Jul 29, 2016;1097;
Sat Jul 30, 2016;1204;
Sun Jul 31, 2016;1314;
Mon Aug 1, 2016;1138;
Tue Aug 2, 2016;1000;
Wed Aug 3, 2016;1092;
Thu Aug 4, 2016;709;
Fri Aug 5, 2016;1060;
Sat Aug 6, 2016;1024;
Sun Aug 7, 2016;1313;
Mon Aug 8, 2016;1016;
Tue Aug 9, 2016;1057;
Wed Aug 10, 2016;994;
Thu Aug 11, 2016;1111;
Fri Aug 12, 2016;1408;
Sat Aug 13, 2016;1409;
Sun Aug 14, 2016;1607;
Mon Aug 15, 2016;1145;
Tue Aug 16, 2016;1069;
Wed Aug 17, 2016;1046;
Thu Aug 18, 2016;947;
Fri Aug 19, 2016;704;
Sat Aug 20, 2016;996;
Sun Aug 21, 2016;1372;
Mon Aug 22, 2016;1189;
Tue Aug 23, 2016;1299;
Wed Aug 24, 2016;1081;
Thu Aug 25, 2016;1176;
Fri Aug 26, 2016;1137;
Sat Aug 27, 2016;1022;
Sun Aug 28, 2016;1263;
Mon Aug 29, 2016;1171;
Tue Aug 30, 2016;1411;
Wed Aug 31, 2016;1501;
Thu Sep 1, 2016;1598;
Fri Sep 2, 2016;1423;
Sat Sep 3, 2016;1487;
Sun Sep 4, 2016;1561;
Mon Sep 5, 2016;1313;
Tue Sep 6, 2016;1543;
Wed Sep 7, 2016;1664;
Thu Sep 8, 2016;1527;
Fri Sep 9, 2016;1588;
Sat Sep 10, 2016;1393;
Sun Sep 11, 2016;1506;
Mon Sep 12, 2016;1363;
Tue Sep 13, 2016;1477;
Wed Sep 14, 2016;1070;
Thu Sep 15, 2016;1218;
Fri Sep 16, 2016;972;
Sat Sep 17, 2016;1034;
Sun Sep 18, 2016;1488;
Mon Sep 19, 2016;1260;
Tue Sep 20, 2016;1389;
Wed Sep 21, 2016;1635;
Thu Sep 22, 2016;1516;
Fri Sep 23, 2016;1476;
Sat Sep 24, 2016;1352;
Sun Sep 25, 2016;1477;
Mon Sep 26, 2016;1316;
Tue Sep 27, 2016;1488;
Wed Sep 28, 2016;1515;
Thu Sep 29, 2016;1538;
Fri Sep 30, 2016;897;
Sat Oct 1, 2016;921;
Sun Oct 2, 2016;1436;
Mon Oct 3, 2016;1334;
Tue Oct 4, 2016;1378;
Wed Oct 5, 2016;1458;
Thu Oct 6, 2016;1388;
Fri Oct 7, 2016;1254;
Sat Oct 8, 2016;1099;
Sun Oct 9, 2016;1185;
Mon Oct 10, 2016;1105;
Tue Oct 11, 2016;1276;
Wed Oct 12, 2016;1273;
Thu Oct 13, 2016;893;
Fri Oct 14, 2016;1016;
Sat Oct 15, 2016;1033;
Sun Oct 16, 2016;1443;
Mon Oct 17, 2016;1035;
Tue Oct 18, 2016;1134;
Wed Oct 19, 2016;1216;
Thu Oct 20, 2016;1064;
Fri Oct 21, 2016;1062;
Sat Oct 22, 2016;820;
Sun Oct 23, 2016;534;
Mon Oct 24, 2016;539;
Tue Oct 25, 2016;845;
Wed Oct 26, 2016;1028;
Thu Oct 27, 2016;809;
Fri Oct 28, 2016;864;
Sat Oct 29, 2016;618;
Sun Oct 30, 2016;902;
Mon Oct 31, 2016;896;
Tue Nov 1, 2016;940;
Wed Nov 2, 2016;885;
Thu Nov 3, 2016;1103;
Fri Nov 4, 2016;1052;
Sat Nov 5, 2016;757;
Sun Nov 6, 2016;836;
Mon Nov 7, 2016;803;
Tue Nov 8, 2016;1023;
Wed Nov 9, 2016;801;
Thu Nov 10, 2016;877;
Fri Nov 11, 2016;768;
Sat Nov 12, 2016;380;
Sun Nov 13, 2016;575;
Mon Nov 14, 2016;1003;
Tue Nov 15, 2016;950;
Wed Nov 16, 2016;914;
Thu Nov 17, 2016;1025;
Fri Nov 18, 2016;840;
Sat Nov 19, 2016;816;
Sun Nov 20, 2016;409;
Mon Nov 21, 2016;865;
Tue Nov 22, 2016;1009;
Wed Nov 23, 2016;907;
Thu Nov 24, 2016;922;
Fri Nov 25, 2016;953;
Sat Nov 26, 2016;787;
Sun Nov 27, 2016;800;
Mon Nov 28, 2016;905;
Tue Nov 29, 2016;941;
Wed Nov 30, 2016;998;
Thu Dec 1, 2016;950;
Fri Dec 2, 2016;790;
Sat Dec 3, 2016;672;
Sun Dec 4, 2016;611;
Mon Dec 5, 2016;938;
Tue Dec 6, 2016;1031;
Wed Dec 7, 2016;1007;
Thu Dec 8, 2016;978;
Fri Dec 9, 2016;934;
Sat Dec 10, 2016;737;
Sun Dec 11, 2016;540;
Mon Dec 12, 2016;818;
Tue Dec 13, 2016;1004;
Wed Dec 14, 2016;1057;
Thu Dec 15, 2016;935;
Fri Dec 16, 2016;941;
Sat Dec 17, 2016;674;
Sun Dec 18, 2016;426;
Mon Dec 19, 2016;590;
Tue Dec 20, 2016;711;
Wed Dec 21, 2016;609;
Thu Dec 22, 2016;464;
Fri Dec 23, 2016;516;
Sat Dec 24, 2016;359;
Sun Dec 25, 2016;169;
Mon Dec 26, 2016;309;
Tue Dec 27, 2016;554;
Wed Dec 28, 2016;554;
Thu Dec 29, 2016;454;
Fri Dec 30, 2016;386;
Sat Dec 31, 2016;232;
Sun Jan 1, 2017;160;
Mon Jan 2, 2017;342;
Tue Jan 3, 2017;727;
Wed Jan 4, 2017;822;
Thu Jan 5, 2017;917;
Fri Jan 6, 2017;812;
Sat Jan 7, 2017;548;
Sun Jan 8, 2017;473;
Mon Jan 9, 2017;753;
Tue Jan 10, 2017;857;
Wed Jan 11, 2017;847;
Thu Jan 12, 2017;708;
Fri Jan 13, 2017;691;
Sat Jan 14, 2017;583;
Sun Jan 15, 2017;326;
Mon Jan 16, 2017;747;
Tue Jan 17, 2017;762;
Wed Jan 18, 2017;722;
Thu Jan 19, 2017;704;
Fri Jan 20, 2017;683;
Sat Jan 21, 2017;526;
Sun Jan 22, 2017;471;
Mon Jan 23, 2017;709;
Tue Jan 24, 2017;745;
Wed Jan 25, 2017;759;
Thu Jan 26, 2017;772;
Fri Jan 27, 2017;784;
Sat Jan 28, 2017;626;
Sun Jan 29, 2017;806;
Mon Jan 30, 2017;599;
Tue Jan 31, 2017;931;
Wed Feb 1, 2017;980;
Thu Feb 2, 2017;752;
Fri Feb 3, 2017;714;
Sat Feb 4, 2017;606;
Sun Feb 5, 2017;753;
Mon Feb 6, 2017;818;
Tue Feb 7, 2017;896;
Wed Feb 8, 2017;907;
Thu Feb 9, 2017;798;
Fri Feb 10, 2017;825;
Sat Feb 11, 2017;514;
Sun Feb 12, 2017;442;
Mon Feb 13, 2017;708;
Tue Feb 14, 2017;728;
Wed Feb 15, 2017;953;
Thu Feb 16, 2017;820;
Fri Feb 17, 2017;827;
Sat Feb 18, 2017;819;
Sun Feb 19, 2017;819;
Mon Feb 20, 2017;464;
Tue Feb 21, 2017;644;
Wed Feb 22, 2017;682;
Thu Feb 23, 2017;546;
Fri Feb 24, 2017;745;
Sat Feb 25, 2017;839;
Sun Feb 26, 2017;523;
Mon Feb 27, 2017;648;
Tue Feb 28, 2017;669;
Wed Mar 1, 2017;629;
Thu Mar 2, 2017;1040;
Fri Mar 3, 2017;991;
Sat Mar 4, 2017;631;
Sun Mar 5, 2017;361;
Mon Mar 6, 2017;505;
Tue Mar 7, 2017;792;
Wed Mar 8, 2017;790;
Thu Mar 9, 2017;988;
Fri Mar 10, 2017;1096;
Sat Mar 11, 2017;1134;
Sun Mar 12, 2017;806;
Mon Mar 13, 2017;938;
Tue Mar 14, 2017;1212;
Wed Mar 15, 2017;1075;
Thu Mar 16, 2017;1416;
Fri Mar 17, 2017;992;
Sat Mar 18, 2017;716;
Sun Mar 19, 2017;796;
Mon Mar 20, 2017;892;
Tue Mar 21, 2017;787;
Wed Mar 22, 2017;708;
Thu Mar 23, 2017;681;
Fri Mar 24, 2017;875;
Sat Mar 25, 2017;1001;
Sun Mar 26, 2017;1270;
Mon Mar 27, 2017;1167;
Tue Mar 28, 2017;1132;
Wed Mar 29, 2017;1395;
Thu Mar 30, 2017;1507;
Fri Mar 31, 2017;1038;
Sat Apr 1, 2017;883;
Sun Apr 2, 2017;1616;
Mon Apr 3, 2017;1228;
Tue Apr 4, 2017;1182;
Wed Apr 5, 2017;1236;
Thu Apr 6, 2017;1268;
Fri Apr 7, 2017;1375;
Sat Apr 8, 2017;1363;
Sun Apr 9, 2017;1766;
Mon Apr 10, 2017;920;
Tue Apr 11, 2017;1176;
Wed Apr 12, 2017;1219;
Thu Apr 13, 2017;1285;
Fri Apr 14, 2017;1107;
Sat Apr 15, 2017;722;
Sun Apr 16, 2017;787;
Mon Apr 17, 2017;672;
Tue Apr 18, 2017;864;
Wed Apr 19, 2017;961;
Thu Apr 20, 2017;946;
Fri Apr 21, 2017;1083;
Sat Apr 22, 2017;1075;
Sun Apr 23, 2017;1346;
Mon Apr 24, 2017;1143;
Tue Apr 25, 2017;834;
Wed Apr 26, 2017;950;
Thu Apr 27, 2017;972;
Fri Apr 28, 2017;900;
Sat Apr 29, 2017;1071;
Sun Apr 30, 2017;396;
Mon May 1, 2017;754;
Tue May 2, 2017;880;
Wed May 3, 2017;1091;
Thu May 4, 2017;1158;
Fri May 5, 2017;1165;
Sat May 6, 2017;650;
Sun May 7, 2017;669;
Mon May 8, 2017;1077;
Tue May 9, 2017;1141;
Wed May 10, 2017;1319;
Thu May 11, 2017;758;
Fri May 12, 2017;959;
Sat May 13, 2017;936;
Sun May 14, 2017;1280;
Mon May 15, 2017;1372;
Tue May 16, 2017;1582;
Wed May 17, 2017;1297;
Thu May 18, 2017;689;
Fri May 19, 2017;906;
Sat May 20, 2017;975;
Sun May 21, 2017;1534;
Mon May 22, 2017;1283;
Tue May 23, 2017;1465;
Wed May 24, 2017;1559;
Thu May 25, 2017;1452;
Fri May 26, 2017;1328;
Sat May 27, 2017;1343;
Sun May 28, 2017;1287;
Mon May 29, 2017;1056;
Tue May 30, 2017;1427;
Wed May 31, 2017;1510;
Thu Jun 1, 2017;1456;
Fri Jun 2, 2017;1521;
Sat Jun 3, 2017;873;
Sun Jun 4, 2017;1670;
Mon Jun 5, 2017;1237;
Tue Jun 6, 2017;977;
Wed Jun 7, 2017;1337;
Thu Jun 8, 2017;1457;
Fri Jun 9, 2017;1350;
Sat Jun 10, 2017;1360;
Sun Jun 11, 2017;1585;
Mon Jun 12, 2017;1364;
Tue Jun 13, 2017;1485;
Wed Jun 14, 2017;1498;
Thu Jun 15, 2017;1476;
Fri Jun 16, 2017;1386;
Sat Jun 17, 2017;1359;
Sun Jun 18, 2017;1479;
Mon Jun 19, 2017;1332;
Tue Jun 20, 2017;1330;
Wed Jun 21, 2017;1464;
Thu Jun 22, 2017;1451;
Fri Jun 23, 2017;1297;
Sat Jun 24, 2017;1120;
Sun Jun 25, 2017;1343;
Mon Jun 26, 2017;1180;
Tue Jun 27, 2017;986;
Wed Jun 28, 2017;929;
Thu Jun 29, 2017;967;
Fri Jun 30, 2017;716;
Sat Jul 1, 2017;597;
Sun Jul 2, 2017;864;
Mon Jul 3, 2017;1217;
Tue Jul 4, 2017;1511;
Wed Jul 5, 2017;1349;
Thu Jul 6, 2017;1371;
Fri Jul 7, 2017;1235;
Sat Jul 8, 2017;1136;
Sun Jul 9, 2017;949;
Mon Jul 10, 2017;981;
Tue Jul 11, 2017;1151;
Wed Jul 12, 2017;901;
Thu Jul 13, 2017;1238;
Fri Jul 14, 2017;1275;
Sat Jul 15, 2017;1097;
Sun Jul 16, 2017;1230;
Mon Jul 17, 2017;1090;
Tue Jul 18, 2017;1271;
Wed Jul 19, 2017;1095;
Thu Jul 20, 2017;1217;
Fri Jul 21, 2017;1412;
Sat Jul 22, 2017;770;
Sun Jul 23, 2017;788;
Mon Jul 24, 2017;791;
Tue Jul 25, 2017;1177;
Wed Jul 26, 2017;819;
Thu Jul 27, 2017;831;
Fri Jul 28, 2017;1107;
Sat Jul 29, 2017;1146;
Sun Jul 30, 2017;1210;
Mon Jul 31, 2017;962;
Tue Aug 1, 2017;1203;
Wed Aug 2, 2017;1274;
Thu Aug 3, 2017;1066;
Fri Aug 4, 2017;963;
Sat Aug 5, 2017;985;
Sun Aug 6, 2017;1225;
Mon Aug 7, 2017;1088;
Tue Aug 8, 2017;748;
Wed Aug 9, 2017;521;
Thu Aug 10, 2017;632;
Fri Aug 11, 2017;688;
Sat Aug 12, 2017;710;
Sun Aug 13, 2017;1245;
Mon Aug 14, 2017;1173;
Tue Aug 15, 2017;802;
Wed Aug 16, 2017;1218;
Thu Aug 17, 2017;861;
Fri Aug 18, 2017;694;
Sat Aug 19, 2017;1043;
Sun Aug 20, 2017;1465;
Mon Aug 21, 2017;1205;
Tue Aug 22, 2017;1291;
Wed Aug 23, 2017;1286;
Thu Aug 24, 2017;1381;
Fri Aug 25, 2017;1096;
Sat Aug 26, 2017;1046;
Sun Aug 27, 2017;1313;
Mon Aug 28, 2017;1196;
Tue Aug 29, 2017;1358;
Wed Aug 30, 2017;923;
Thu Aug 31, 2017;1358;
Fri Sep 1, 2017;1126;
Sat Sep 2, 2017;1221;
Sun Sep 3, 2017;1346;
Mon Sep 4, 2017;1239;
Tue Sep 5, 2017;1278;
Wed Sep 6, 2017;1383;
Thu Sep 7, 2017;1398;
Fri Sep 8, 2017;1075;
Sat Sep 9, 2017;768;
Sun Sep 10, 2017;1206;
Mon Sep 11, 2017;1265;
Tue Sep 12, 2017;1440;
Wed Sep 13, 2017;936;
Thu Sep 14, 2017;1334;
Fri Sep 15, 2017;1191;
Sat Sep 16, 2017;1171;
Sun Sep 17, 2017;664;
Mon Sep 18, 2017;1195;
Tue Sep 19, 2017;1238;
Wed Sep 20, 2017;1378;
Thu Sep 21, 2017;1508;
Fri Sep 22, 2017;1362;
Sat Sep 23, 2017;1207;
Sun Sep 24, 2017;1809;
Mon Sep 25, 2017;1130;
Tue Sep 26, 2017;1289;
Wed Sep 27, 2017;1491;
Thu Sep 28, 2017;1439;
Fri Sep 29, 2017;1444;
Sat Sep 30, 2017;1140;
Sun Oct 1, 2017;394;
Mon Oct 2, 2017;1074;
Tue Oct 3, 2017;1362;
Wed Oct 4, 2017;1495;
Thu Oct 5, 2017;1253;
Fri Oct 6, 2017;1279;
Sat Oct 7, 2017;1479;
Sun Oct 8, 2017;915;
Mon Oct 9, 2017;1113;
Tue Oct 10, 2017;1159;
Wed Oct 11, 2017;1435;
Thu Oct 12, 2017;1306;
Fri Oct 13, 2017;1486;
Sat Oct 14, 2017;1385;
Sun Oct 15, 2017;1598;
Mon Oct 16, 2017;1400;
Tue Oct 17, 2017;1577;
Wed Oct 18, 2017;1385;
Thu Oct 19, 2017;1297;
Fri Oct 20, 2017;1368;
Sat Oct 21, 2017;729;
Sun Oct 22, 2017;683;
Mon Oct 23, 2017;784;
Tue Oct 24, 2017;1005;
Wed Oct 25, 2017;1278;
Thu Oct 26, 2017;1323;
Fri Oct 27, 2017;993;
Sat Oct 28, 2017;847;
Sun Oct 29, 2017;463;
Mon Oct 30, 2017;804;
Tue Oct 31, 2017;972;
Wed Nov 1, 2017;803;
Thu Nov 2, 2017;932;
Fri Nov 3, 2017;1016;
Sat Nov 4, 2017;572;
Sun Nov 5, 2017;874;
Mon Nov 6, 2017;1033;
Tue Nov 7, 2017;1208;
Wed Nov 8, 2017;841;
Thu Nov 9, 2017;1040;
Fri Nov 10, 2017;975;
Sat Nov 11, 2017;427;
Sun Nov 12, 2017;549;
Mon Nov 13, 2017;1022;
Tue Nov 14, 2017;1180;
Wed Nov 15, 2017;1201;
Thu Nov 16, 2017;1035;
Fri Nov 17, 2017;1016;
Sat Nov 18, 2017;756;
Sun Nov 19, 2017;568;
Mon Nov 20, 2017;1011;
Tue Nov 21, 2017;1116;
Wed Nov 22, 2017;1275;
Thu Nov 23, 2017;937;
Fri Nov 24, 2017;1095;
Sat Nov 25, 2017;805;
Sun Nov 26, 2017;730;
Mon Nov 27, 2017;911;
Tue Nov 28, 2017;758;
Wed Nov 29, 2017;1005;
Thu Nov 30, 2017;910;
Fri Dec 1, 2017;840;
Sat Dec 2, 2017;518;
Sun Dec 3, 2017;361;
Mon Dec 4, 2017;918;
Tue Dec 5, 2017;1005;
Wed Dec 6, 2017;967;
Thu Dec 7, 2017;737;
Fri Dec 8, 2017;927;
Sat Dec 9, 2017;549;
Sun Dec 10, 2017;292;
Mon Dec 11, 2017;548;
Tue Dec 12, 2017;918;
Wed Dec 13, 2017;809;
Thu Dec 14, 2017;685;
Fri Dec 15, 2017;829;
Sat Dec 16, 2017;673;
Sun Dec 17, 2017;553;
Mon Dec 18, 2017;834;
Tue Dec 19, 2017;1018;
Wed Dec 20, 2017;859;
Thu Dec 21, 2017;832;
Fri Dec 22, 2017;810;
Sat Dec 23, 2017;497;
Sun Dec 24, 2017;390;
Mon Dec 25, 2017;148;
Tue Dec 26, 2017;396;
Wed Dec 27, 2017;386;
Thu Dec 28, 2017;589;
Fri Dec 29, 2017;434;
Sat Dec 30, 2017;289;
Sun Dec 31, 2017;386;
Mon Jan 1, 2018;175;
Tue Jan 2, 2018;458;
Wed Jan 3, 2018;515;
Thu Jan 4, 2018;499;
Fri Jan 5, 2018;591;
Sat Jan 6, 2018;587;
Sun Jan 7, 2018;402;
Mon Jan 8, 2018;931;
Tue Jan 9, 2018;876;
Wed Jan 10, 2018;958;
Thu Jan 11, 2018;1032;
Fri Jan 12, 2018;963;
Sat Jan 13, 2018;748;
Sun Jan 14, 2018;1024;
Mon Jan 15, 2018;746;
Tue Jan 16, 2018;823;
Wed Jan 17, 2018;998;
Thu Jan 18, 2018;660;
Fri Jan 19, 2018;852;
Sat Jan 20, 2018;433;
Sun Jan 21, 2018;458;
Mon Jan 22, 2018;754;
Tue Jan 23, 2018;914;
Wed Jan 24, 2018;1135;
Thu Jan 25, 2018;592;
Fri Jan 26, 2018;1057;
Sat Jan 27, 2018;666;
Sun Jan 28, 2018;609;
Mon Jan 29, 2018;794;
Tue Jan 30, 2018;993;
Wed Jan 31, 2018;790;
Thu Feb 1, 2018;889;
Fri Feb 2, 2018;909;
Sat Feb 3, 2018;476;
Sun Feb 4, 2018;243;
Mon Feb 5, 2018;800;
Tue Feb 6, 2018;626;
Wed Feb 7, 2018;438;
Thu Feb 8, 2018;639;
Fri Feb 9, 2018;547;
Sat Feb 10, 2018;666;
Sun Feb 11, 2018;502;
Mon Feb 12, 2018;917;
Tue Feb 13, 2018;658;
Wed Feb 14, 2018;737;
Thu Feb 15, 2018;750;
Fri Feb 16, 2018;916;
Sat Feb 17, 2018;612;
Sun Feb 18, 2018;820;
Mon Feb 19, 2018;734;
Tue Feb 20, 2018;833;
Wed Feb 21, 2018;1049;
Thu Feb 22, 2018;964;
Fri Feb 23, 2018;892;
Sat Feb 24, 2018;670;
Sun Feb 25, 2018;529;
Mon Feb 26, 2018;491;
Tue Feb 27, 2018;459;
Wed Feb 28, 2018;395;
Thu Mar 1, 2018;341;
Fri Mar 2, 2018;551;
Sat Mar 3, 2018;467;
Sun Mar 4, 2018;282;
Mon Mar 5, 2018;649;
Tue Mar 6, 2018;657;
Wed Mar 7, 2018;692;
Thu Mar 8, 2018;821;
Fri Mar 9, 2018;760;
Sat Mar 10, 2018;738;
Sun Mar 11, 2018;1041;
Mon Mar 12, 2018;784;
Tue Mar 13, 2018;1019;
Wed Mar 14, 2018;1162;
Thu Mar 15, 2018;779;
Fri Mar 16, 2018;931;
Sat Mar 17, 2018;780;
Sun Mar 18, 2018;626;
Mon Mar 19, 2018;766;
Tue Mar 20, 2018;916;
Wed Mar 21, 2018;1115;
Thu Mar 22, 2018;968;
Fri Mar 23, 2018;795;
Sat Mar 24, 2018;636;
Sun Mar 25, 2018;1233;
Mon Mar 26, 2018;858;
Tue Mar 27, 2018;799;
Wed Mar 28, 2018;782;
Thu Mar 29, 2018;854;
Fri Mar 30, 2018;845;
Sat Mar 31, 2018;587;
Sun Apr 1, 2018;1026;
Mon Apr 2, 2018;590;
Tue Apr 3, 2018;830;
Wed Apr 4, 2018;842;
Thu Apr 5, 2018;1100;
Fri Apr 6, 2018;1391;
Sat Apr 7, 2018;826;
Sun Apr 8, 2018;1114;
Mon Apr 9, 2018;863;
Tue Apr 10, 2018;848;
Wed Apr 11, 2018;1199;
Thu Apr 12, 2018;970;
Fri Apr 13, 2018;1188;
Sat Apr 14, 2018;896;
Sun Apr 15, 2018;1150;
Mon Apr 16, 2018;1150;
Tue Apr 17, 2018;1599;
Wed Apr 18, 2018;1808;
Thu Apr 19, 2018;1716;
Fri Apr 20, 2018;1643;
Sat Apr 21, 2018;1433;
Sun Apr 22, 2018;1648;
Mon Apr 23, 2018;1335;
Tue Apr 24, 2018;1587;
Wed Apr 25, 2018;1234;
Thu Apr 26, 2018;1155;
Fri Apr 27, 2018;1001;
Sat Apr 28, 2018;760;
Sun Apr 29, 2018;470;
Mon Apr 30, 2018;411;
Tue May 1, 2018;1217;
Wed May 2, 2018;915;
Thu May 3, 2018;1112;
Fri May 4, 2018;1114;
Sat May 5, 2018;1198;
Sun May 6, 2018;1512;
Mon May 7, 2018;1160;
Tue May 8, 2018;1441;
Wed May 9, 2018;1097;
Thu May 10, 2018;1229;
Fri May 11, 2018;1321;
Sat May 12, 2018;384;
Sun May 13, 2018;1035;
Mon May 14, 2018;770;
Tue May 15, 2018;1386;
Wed May 16, 2018;1621;
Thu May 17, 2018;1319;
Fri May 18, 2018;1442;
Sat May 19, 2018;1258;
Sun May 20, 2018;1697;
Mon May 21, 2018;1441;
Tue May 22, 2018;1404;
Wed May 23, 2018;1517;
Thu May 24, 2018;1519;
Fri May 25, 2018;1346;
Sat May 26, 2018;1478;
Sun May 27, 2018;1590;
Mon May 28, 2018;1045;
Tue May 29, 2018;1275;
Wed May 30, 2018;1489;
Thu May 31, 2018;1249;
Fri Jun 1, 2018;1260;
Sat Jun 2, 2018;1444;
Sun Jun 3, 2018;1449;
Mon Jun 4, 2018;1131;
Tue Jun 5, 2018;1150;
Wed Jun 6, 2018;1023;
Thu Jun 7, 2018;1353;
Fri Jun 8, 2018;1430;
Sat Jun 9, 2018;1117;
Sun Jun 10, 2018;1020;
Mon Jun 11, 2018;693;
Tue Jun 12, 2018;1067;
Wed Jun 13, 2018;1463;
Thu Jun 14, 2018;1190;
Fri Jun 15, 2018;1140;
Sat Jun 16, 2018;1483;
Sun Jun 17, 2018;1450;
Mon Jun 18, 2018;1166;
Tue Jun 19, 2018;1499;
Wed Jun 20, 2018;1726;
Thu Jun 21, 2018;1746;
Fri Jun 22, 2018;1378;
Sat Jun 23, 2018;1342;
Sun Jun 24, 2018;1535;
Mon Jun 25, 2018;1370;
Tue Jun 26, 2018;1566;
Wed Jun 27, 2018;1656;
Thu Jun 28, 2018;1661;
Fri Jun 29, 2018;1550;
Sat Jun 30, 2018;1254;
Sun Jul 1, 2018;1208;
Mon Jul 2, 2018;928;
Tue Jul 3, 2018;1484;
Wed Jul 4, 2018;1460;
Thu Jul 5, 2018;1150;
Fri Jul 6, 2018;1380;
Sat Jul 7, 2018;1304;
Sun Jul 8, 2018;1320;
Mon Jul 9, 2018;1302;
Tue Jul 10, 2018;1415;
Wed Jul 11, 2018;1324;
Thu Jul 12, 2018;1387;
Fri Jul 13, 2018;1331;
Sat Jul 14, 2018;1330;
Sun Jul 15, 2018;1255;
Mon Jul 16, 2018;1253;
Tue Jul 17, 2018;1567;
Wed Jul 18, 2018;1444;
Thu Jul 19, 2018;1243;
Fri Jul 20, 2018;1071;
Sat Jul 21, 2018;1220;
Sun Jul 22, 2018;1337;
Mon Jul 23, 2018;1360;
Tue Jul 24, 2018;1471;
Wed Jul 25, 2018;1329;
Thu Jul 26, 2018;1341;
Fri Jul 27, 2018;1223;
Sat Jul 28, 2018;1134;
Sun Jul 29, 2018;1308;
Mon Jul 30, 2018;1063;
Tue Jul 31, 2018;1399;
Wed Aug 1, 2018;1307;
Thu Aug 2, 2018;1271;
Fri Aug 3, 2018;1150;
Sat Aug 4, 2018;1000;
Sun Aug 5, 2018;1061;
Mon Aug 6, 2018;1088;
Tue Aug 7, 2018;1111;
Wed Aug 8, 2018;1184;
Thu Aug 9, 2018;671;
Fri Aug 10, 2018;1234;
Sat Aug 11, 2018;1118;
Sun Aug 12, 2018;1184;
Mon Aug 13, 2018;786;
Tue Aug 14, 2018;1285;
Wed Aug 15, 2018;1226;
Thu Aug 16, 2018;1229;
Fri Aug 17, 2018;1149;
Sat Aug 18, 2018;1281;
Sun Aug 19, 2018;1444;
Mon Aug 20, 2018;1102;
Tue Aug 21, 2018;1281;
Wed Aug 22, 2018;1394;
Thu Aug 23, 2018;1311;
Fri Aug 24, 2018;1158;
Sat Aug 25, 2018;845;
Sun Aug 26, 2018;1319;
Mon Aug 27, 2018;1001;
Tue Aug 28, 2018;1551;
Wed Aug 29, 2018;983;
Thu Aug 30, 2018;1378;
Fri Aug 31, 2018;1446;
Sat Sep 1, 2018;1410;
Sun Sep 2, 2018;1825;
Mon Sep 3, 2018;1372;
Tue Sep 4, 2018;1560;
Wed Sep 5, 2018;1484;
Thu Sep 6, 2018;1234;
Fri Sep 7, 2018;1422;
Sat Sep 8, 2018;1611;
Sun Sep 9, 2018;1698;
Mon Sep 10, 2018;1561;
Tue Sep 11, 2018;1614;
Wed Sep 12, 2018;1669;
Thu Sep 13, 2018;1290;
Fri Sep 14, 2018;1379;
Sat Sep 15, 2018;1675;
Sun Sep 16, 2018;1881;
Mon Sep 17, 2018;1401;
Tue Sep 18, 2018;1527;
Wed Sep 19, 2018;1705;
Thu Sep 20, 2018;1609;
Fri Sep 21, 2018;994;
Sat Sep 22, 2018;1215;
Sun Sep 23, 2018;891;
Mon Sep 24, 2018;1311;
Tue Sep 25, 2018;1436;
Wed Sep 26, 2018;1597;
Thu Sep 27, 2018;1595;
Fri Sep 28, 2018;1622;
Sat Sep 29, 2018;1345;
Sun Sep 30, 2018;1241;
Mon Oct 1, 2018;1262;
Tue Oct 2, 2018;1357;
Wed Oct 3, 2018;1522;
Thu Oct 4, 2018;1549;
Fri Oct 5, 2018;1595;
Sat Oct 6, 2018;1126;
Sun Oct 7, 2018;783;
Mon Oct 8, 2018;1364;
Tue Oct 9, 2018;1576;
Wed Oct 10, 2018;1425;
Thu Oct 11, 2018;1300;
Fri Oct 12, 2018;1467;
Sat Oct 13, 2018;1592;
Sun Oct 14, 2018;1446;
Mon Oct 15, 2018;1278;
Tue Oct 16, 2018;1418;
Wed Oct 17, 2018;1639;
Thu Oct 18, 2018;1575;
Fri Oct 19, 2018;1391;
Sat Oct 20, 2018;1164;
Sun Oct 21, 2018;1334;
Mon Oct 22, 2018;1024;
Tue Oct 23, 2018;1265;
Wed Oct 24, 2018;1294;
Thu Oct 25, 2018;1358;
Fri Oct 26, 2018;1005;
Sat Oct 27, 2018;801;
Sun Oct 28, 2018;421;
Mon Oct 29, 2018;488;
Tue Oct 30, 2018;830;
Wed Oct 31, 2018;636;
Thu Nov 1, 2018;419;
Fri Nov 2, 2018;874;
Sat Nov 3, 2018;752;
Sun Nov 4, 2018;969;
Mon Nov 5, 2018;1153;
Tue Nov 6, 2018;1055;
Wed Nov 7, 2018;998;
Thu Nov 8, 2018;1245;
Fri Nov 9, 2018;1197;
Sat Nov 10, 2018;713;
Sun Nov 11, 2018;457;
Mon Nov 12, 2018;817;
Tue Nov 13, 2018;1236;
Wed Nov 14, 2018;1394;
Thu Nov 15, 2018;1310;
Fri Nov 16, 2018;1120;
Sat Nov 17, 2018;1101;
Sun Nov 18, 2018;884;
Mon Nov 19, 2018;1083;
Tue Nov 20, 2018;974;
Wed Nov 21, 2018;1136;
Thu Nov 22, 2018;1082;
Fri Nov 23, 2018;1026;
Sat Nov 24, 2018;808;
Sun Nov 25, 2018;246;
Mon Nov 26, 2018;961;
Tue Nov 27, 2018;902;
Wed Nov 28, 2018;1012;
Thu Nov 29, 2018;1078;
Fri Nov 30, 2018;1193;
Sat Dec 1, 2018;545;
Sun Dec 2, 2018;419;
Mon Dec 3, 2018;904;
Tue Dec 4, 2018;1218;
Wed Dec 5, 2018;1171;
Thu Dec 6, 2018;1108;
Fri Dec 7, 2018;902;
Sat Dec 8, 2018;747;
Sun Dec 9, 2018;722;
Mon Dec 10, 2018;1066;
Tue Dec 11, 2018;1039;
Wed Dec 12, 2018;1105;
Thu Dec 13, 2018;1020;
Fri Dec 14, 2018;968;
Sat Dec 15, 2018;340;
Sun Dec 16, 2018;492;
Mon Dec 17, 2018;973;
Tue Dec 18, 2018;968;
Wed Dec 19, 2018;868;
Thu Dec 20, 2018;970;
Fri Dec 21, 2018;602;
Sat Dec 22, 2018;761;
Sun Dec 23, 2018;425;
Mon Dec 24, 2018;372;
Tue Dec 25, 2018;316;
Wed Dec 26, 2018;439;
Thu Dec 27, 2018;528;
Fri Dec 28, 2018;547;
Sat Dec 29, 2018;472;
Sun Dec 30, 2018;460;
Mon Dec 31, 2018;473;
Tue Jan 1, 2019;371;
Wed Jan 2, 2019;686;
Thu Jan 3, 2019;714;
Fri Jan 4, 2019;695;
Sat Jan 5, 2019;609;
Sun Jan 6, 2019;519;
Mon Jan 7, 2019;946;
Tue Jan 8, 2019;1071;
Wed Jan 9, 2019;1149;
Thu Jan 10, 2019;1065;
Fri Jan 11, 2019;901;
Sat Jan 12, 2019;691;
Sun Jan 13, 2019;689;
Mon Jan 14, 2019;1032;
Tue Jan 15, 2019;1141;
Wed Jan 16, 2019;1098;
Thu Jan 17, 2019;1095;
Fri Jan 18, 2019;1010;
Sat Jan 19, 2019;558;
Sun Jan 20, 2019;596;
Mon Jan 21, 2019;911;
Tue Jan 22, 2019;723;
Wed Jan 23, 2019;1018;
Thu Jan 24, 2019;1021;
Fri Jan 25, 2019;924;
Sat Jan 26, 2019;716;
Sun Jan 27, 2019;436;
Mon Jan 28, 2019;929;
Tue Jan 29, 2019;681;
Wed Jan 30, 2019;940;
Thu Jan 31, 2019;759;
Fri Feb 1, 2019;811;
Sat Feb 2, 2019;593;
Sun Feb 3, 2019;833;
Mon Feb 4, 2019;767;
Tue Feb 5, 2019;916;
Wed Feb 6, 2019;1028;
Thu Feb 7, 2019;999;
Fri Feb 8, 2019;888;
Sat Feb 9, 2019;660;
Sun Feb 10, 2019;410;
Mon Feb 11, 2019;799;
Tue Feb 12, 2019;996;
Wed Feb 13, 2019;991;
Thu Feb 14, 2019;1020;
Fri Feb 15, 2019;1017;
Sat Feb 16, 2019;1028;
Sun Feb 17, 2019;1302;
Mon Feb 18, 2019;870;
Tue Feb 19, 2019;851;
Wed Feb 20, 2019;1011;
Thu Feb 21, 2019;979;
Fri Feb 22, 2019;938;
Sat Feb 23, 2019;776;
Sun Feb 24, 2019;771;
Mon Feb 25, 2019;1197;
Tue Feb 26, 2019;881;
Wed Feb 27, 2019;1014;
Thu Feb 28, 2019;957;
Fri Mar 1, 2019;935;
Sat Mar 2, 2019;786;
Sun Mar 3, 2019;843;
Mon Mar 4, 2019;752;
Tue Mar 5, 2019;1015;
Wed Mar 6, 2019;874;
Thu Mar 7, 2019;1077;
Fri Mar 8, 2019;964;
Sat Mar 9, 2019;720;
Sun Mar 10, 2019;883;
Mon Mar 11, 2019;1151;
Tue Mar 12, 2019;1010;
Wed Mar 13, 2019;995;
Thu Mar 14, 2019;1026;
Fri Mar 15, 2019;977;
Sat Mar 16, 2019;847;
Sun Mar 17, 2019;972;
Mon Mar 18, 2019;1009;
Tue Mar 19, 2019;956;
Wed Mar 20, 2019;990;
Thu Mar 21, 2019;1036;
Fri Mar 22, 2019;966;
Sat Mar 23, 2019;796;
Sun Mar 24, 2019;892;
Mon Mar 25, 2019;1049;
Tue Mar 26, 2019;984;
Wed Mar 27, 2019;983;
Thu Mar 28, 2019;1416;
Fri Mar 29, 2019;1461;
Sat Mar 30, 2019;1635;
Sun Mar 31, 2019;1710;
Mon Apr 1, 2019;1339;
Tue Apr 2, 2019;1054;
Wed Apr 3, 2019;1175;
Thu Apr 4, 2019;1208;
Fri Apr 5, 2019;1214;
Sat Apr 6, 2019;768;
Sun Apr 7, 2019;1242;
Mon Apr 8, 2019;1040;
Tue Apr 9, 2019;1194;
Wed Apr 10, 2019;1061;
Thu Apr 11, 2019;1326;
Fri Apr 12, 2019;1227;
Sat Apr 13, 2019;990;
Sun Apr 14, 2019;914;
Mon Apr 15, 2019;994;
Tue Apr 16, 2019;864;
Wed Apr 17, 2019;1221;
Thu Apr 18, 2019;1354;
Fri Apr 19, 2019;1483;
Sat Apr 20, 2019;1625;
Sun Apr 21, 2019;1298;
Mon Apr 22, 2019;1281;
Tue Apr 23, 2019;1252;
Wed Apr 24, 2019;1003;
Thu Apr 25, 2019;1003;
Fri Apr 26, 2019;1151;
Sat Apr 27, 2019;1122;
Sun Apr 28, 2019;976;
Mon Apr 29, 2019;1280;
Tue Apr 30, 2019;1583;
Wed May 1, 2019;2022;
Thu May 2, 2019;1207;
Fri May 3, 2019;1399;
Sat May 4, 2019;745;
Sun May 5, 2019;1072;
Mon May 6, 2019;1283;
Tue May 7, 2019;1413;
Wed May 8, 2019;734;
Thu May 9, 2019;1124;
Fri May 10, 2019;1149;
Sat May 11, 2019;1023;
Sun May 12, 2019;1858;
Mon May 13, 2019;1348;
Tue May 14, 2019;1513;
Wed May 15, 2019;1754;
Thu May 16, 2019;1507;
Fri May 17, 2019;1497;
Sat May 18, 2019;669;
Sun May 19, 2019;1246;
Mon May 20, 2019;1189;
Tue May 21, 2019;1568;
Wed May 22, 2019;1786;
Thu May 23, 2019;1684;
Fri May 24, 2019;1420;
Sat May 25, 2019;1561;
Sun May 26, 2019;1294;
Mon May 27, 2019;1297;
Tue May 28, 2019;1238;
Wed May 29, 2019;1652;
Thu May 30, 2019;1373;
Fri May 31, 2019;1645;
Sat Jun 1, 2019;1653;
Sun Jun 2, 2019;1962;
Mon Jun 3, 2019;1303;
Tue Jun 4, 2019;1390;
Wed Jun 5, 2019;862;
Thu Jun 6, 2019;1535;
Fri Jun 7, 2019;710;
Sat Jun 8, 2019;931;
Sun Jun 9, 2019;1129;
Mon Jun 10, 2019;1111;
Tue Jun 11, 2019;1058;
Wed Jun 12, 2019;937;
Thu Jun 13, 2019;1483;
Fri Jun 14, 2019;1413;
Sat Jun 15, 2019;1426;
Sun Jun 16, 2019;1653;
Mon Jun 17, 2019;1708;
Tue Jun 18, 2019;1868;
Wed Jun 19, 2019;1607;
Thu Jun 20, 2019;1437;
Fri Jun 21, 2019;1795;
Sat Jun 22, 2019;1785;
Sun Jun 23, 2019;1724;
Mon Jun 24, 2019;1545;
Tue Jun 25, 2019;1632;
Wed Jun 26, 2019;1498;
Thu Jun 27, 2019;1401;
Fri Jun 28, 2019;1353;
Sat Jun 29, 2019;1077;
Sun Jun 30, 2019;1454;
Mon Jul 1, 2019;1502;
Tue Jul 2, 2019;1799;
Wed Jul 3, 2019;1747;
Thu Jul 4, 2019;1685;
Fri Jul 5, 2019;1645;
Sat Jul 6, 2019;1535;
Sun Jul 7, 2019;1442;
Mon Jul 8, 2019;1469;
Tue Jul 9, 2019;1765;
Wed Jul 10, 2019;1618;
Thu Jul 11, 2019;1543;
Fri Jul 12, 2019;1528;
Sat Jul 13, 2019;1316;
Sun Jul 14, 2019;1647;
Mon Jul 15, 2019;1308;
Tue Jul 16, 2019;1555;
Wed Jul 17, 2019;1475;
Thu Jul 18, 2019;1415;
Fri Jul 19, 2019;1488;
Sat Jul 20, 2019;1288;
Sun Jul 21, 2019;1504;
Mon Jul 22, 2019;1257;
Tue Jul 23, 2019;1201;
Wed Jul 24, 2019;1180;
Thu Jul 25, 2019;1027;
Fri Jul 26, 2019;749;
Sat Jul 27, 2019;856;
Sun Jul 28, 2019;1513;
Mon Jul 29, 2019;1254;
Tue Jul 30, 2019;1183;
Wed Jul 31, 2019;1489;
Thu Aug 1, 2019;1485;
Fri Aug 2, 2019;1413;
Sat Aug 3, 2019;1258;
Sun Aug 4, 2019;1430;
Mon Aug 5, 2019;1202;
Tue Aug 6, 2019;1123;
Wed Aug 7, 2019;1222;
Thu Aug 8, 2019;1328;
Fri Aug 9, 2019;984;
Sat Aug 10, 2019;1271;
Sun Aug 11, 2019;882;
Mon Aug 12, 2019;854;
Tue Aug 13, 2019;1319;
Wed Aug 14, 2019;1276;
Thu Aug 15, 2019;1088;
Fri Aug 16, 2019;1374;
Sat Aug 17, 2019;356;
Sun Aug 18, 2019;899;
Mon Aug 19, 2019;1226;
Tue Aug 20, 2019;1361;
Wed Aug 21, 2019;1440;
Thu Aug 22, 2019;1523;
Fri Aug 23, 2019;1377;
Sat Aug 24, 2019;1265;
Sun Aug 25, 2019;1454;
Mon Aug 26, 2019;1466;
Tue Aug 27, 2019;1291;
Wed Aug 28, 2019;1532;
Thu Aug 29, 2019;1684;
Fri Aug 30, 2019;1640;
Sat Aug 31, 2019;1535;
Sun Sep 1, 2019;1993;
Mon Sep 2, 2019;1593;
Tue Sep 3, 2019;1887;
Wed Sep 4, 2019;1813;
Thu Sep 5, 2019;1607;
Fri Sep 6, 2019;1722;
Sat Sep 7, 2019;1454;
Sun Sep 8, 2019;1577;
Mon Sep 9, 2019;1434;
Tue Sep 10, 2019;1768;
Wed Sep 11, 2019;1749;
Thu Sep 12, 2019;1765;
Fri Sep 13, 2019;1793;
Sat Sep 14, 2019;1650;
Sun Sep 15, 2019;2043;
Mon Sep 16, 2019;1760;
Tue Sep 17, 2019;1759;
Wed Sep 18, 2019;1776;
Thu Sep 19, 2019;1622;
Fri Sep 20, 2019;1812;
Sat Sep 21, 2019;1894;
Sun Sep 22, 2019;1202;
Mon Sep 23, 2019;1474;
Tue Sep 24, 2019;1159;
Wed Sep 25, 2019;1264;
Thu Sep 26, 2019;1378;
Fri Sep 27, 2019;1414;
Sat Sep 28, 2019;1168;
Sun Sep 29, 2019;860;
Mon Sep 30, 2019;1470;
Tue Oct 1, 2019;1350;
Wed Oct 2, 2019;1554;
Thu Oct 3, 2019;1654;
Fri Oct 4, 2019;1682;
Sat Oct 5, 2019;1717;
Sun Oct 6, 2019;3865;
Mon Oct 7, 2019;1440;
Tue Oct 8, 2019;1149;
Wed Oct 9, 2019;1277;
Thu Oct 10, 2019;1458;
Fri Oct 11, 2019;1576;
Sat Oct 12, 2019;1317;
Sun Oct 13, 2019;1454;
Mon Oct 14, 2019;1083;
Tue Oct 15, 2019;1262;
Wed Oct 16, 2019;1137;
Thu Oct 17, 2019;1077;
Fri Oct 18, 2019;1154;
Sat Oct 19, 2019;612;
Sun Oct 20, 2019;380;
Mon Oct 21, 2019;1210;
Tue Oct 22, 2019;1236;
Wed Oct 23, 2019;1059;
Thu Oct 24, 2019;1042;
Fri Oct 25, 2019;979;
Sat Oct 26, 2019;1112;
Sun Oct 27, 2019;461;
Mon Oct 28, 2019;757;
Tue Oct 29, 2019;903;
Wed Oct 30, 2019;890;
Thu Oct 31, 2019;718;
Fri Nov 1, 2019;544;
Sat Nov 2, 2019;542;
Sun Nov 3, 2019;488;
Mon Nov 4, 2019;1133;
Tue Nov 5, 2019;1159;
Wed Nov 6, 2019;1109;
Thu Nov 7, 2019;1097;
Fri Nov 8, 2019;1291;
Sat Nov 9, 2019;664;
Sun Nov 10, 2019;642;
Mon Nov 11, 2019;506;
Tue Nov 12, 2019;1162;
Wed Nov 13, 2019;1061;
Thu Nov 14, 2019;1183;
Fri Nov 15, 2019;851;
Sat Nov 16, 2019;686;
Sun Nov 17, 2019;776;
Mon Nov 18, 2019;1097;
Tue Nov 19, 2019;1225;
Wed Nov 20, 2019;1259;
Thu Nov 21, 2019;945;
Fri Nov 22, 2019;1161;
Sat Nov 23, 2019;797;
Sun Nov 24, 2019;988;
Mon Nov 25, 2019;1027;
Tue Nov 26, 2019;1059;
Wed Nov 27, 2019;1038;
Thu Nov 28, 2019;1113;
Fri Nov 29, 2019;1212;
Sat Nov 30, 2019;809;
Sun Dec 1, 2019;505;
Mon Dec 2, 2019;1094;
Tue Dec 3, 2019;1213;
Wed Dec 4, 2019;1210;
Thu Dec 5, 2019;1335;
Fri Dec 6, 2019;1054;
Sat Dec 7, 2019;830;
Sun Dec 8, 2019;594;
Mon Dec 9, 2019;980;
Tue Dec 10, 2019;1314;
Wed Dec 11, 2019;1028;
Thu Dec 12, 2019;876;
Fri Dec 13, 2019;1054;
Sat Dec 14, 2019;817;
Sun Dec 15, 2019;716;
Mon Dec 16, 2019;1029;
Tue Dec 17, 2019;1294;
Wed Dec 18, 2019;1374;
Thu Dec 19, 2019;1093;
Fri Dec 20, 2019;1092;
Sat Dec 21, 2019;734;
Sun Dec 22, 2019;695;
Mon Dec 23, 2019;809;
Tue Dec 24, 2019;569;
Wed Dec 25, 2019;329;
Thu Dec 26, 2019;644;
Fri Dec 27, 2019;570;
Sat Dec 28, 2019;751;
Sun Dec 29, 2019;651;
Mon Dec 30, 2019;734;
Tue Dec 31, 2019;514;
Wed Jan 1, 2020;295;
Thu Jan 2, 2020;588;
Fri Jan 3, 2020;683;
Sat Jan 4, 2020;952;
Sun Jan 5, 2020;822;
Mon Jan 6, 2020;1092;
Tue Jan 7, 2020;1019;
Wed Jan 8, 2020;1083;
Thu Jan 9, 2020;986;
Fri Jan 10, 2020;1185;
Sat Jan 11, 2020;1119;
Sun Jan 12, 2020;856;
Mon Jan 13, 2020;984;
Tue Jan 14, 2020;990;
Wed Jan 15, 2020;1133;
Thu Jan 16, 2020;1349;
Fri Jan 17, 2020;1218;
Sat Jan 18, 2020;1094;
Sun Jan 19, 2020;1050;
Mon Jan 20, 2020;1039;
Tue Jan 21, 2020;1105;
Wed Jan 22, 2020;1085;
Thu Jan 23, 2020;1061;
Fri Jan 24, 2020;1136;
Sat Jan 25, 2020;1076;
Sun Jan 26, 2020;898;
Mon Jan 27, 2020;771;
Tue Jan 28, 2020;1056;
Wed Jan 29, 2020;1282;
Thu Jan 30, 2020;863;
Fri Jan 31, 2020;967;
Sat Feb 1, 2020;981;
Sun Feb 2, 2020;558;
Mon Feb 3, 2020;990;
Tue Feb 4, 2020;1187;
Wed Feb 5, 2020;1237;
Thu Feb 6, 2020;1276;
Fri Feb 7, 2020;1234;
Sat Feb 8, 2020;849;
Sun Feb 9, 2020;612;
Mon Feb 10, 2020;941;
Tue Feb 11, 2020;1166;
Wed Feb 12, 2020;1310;
Thu Feb 13, 2020;911;
Fri Feb 14, 2020;1142;
Sat Feb 15, 2020;1029;
Sun Feb 16, 2020;906;
Mon Feb 17, 2020;850;
Tue Feb 18, 2020;1078;
Wed Feb 19, 2020;908;
Thu Feb 20, 2020;911;
Fri Feb 21, 2020;1031;
Sat Feb 22, 2020;855;
Sun Feb 23, 2020;717;
Mon Feb 24, 2020;768;
Tue Feb 25, 2020;749;
Wed Feb 26, 2020;910;
Thu Feb 27, 2020;702;
Fri Feb 28, 2020;732;
Sat Feb 29, 2020;540;
Sun Mar 1, 2020;455;
Mon Mar 2, 2020;814;
Tue Mar 3, 2020;1102;
Wed Mar 4, 2020;1055;
Thu Mar 5, 2020;758;
Fri Mar 6, 2020;1113;
Sat Mar 7, 2020;1165;
Sun Mar 8, 2020;740;
Mon Mar 9, 2020;1129;
Tue Mar 10, 2020;953;
Wed Mar 11, 2020;1119;
Thu Mar 12, 2020;1041;
Fri Mar 13, 2020;1262;
Sat Mar 14, 2020;975;
Sun Mar 15, 2020;1869;
Mon Mar 16, 2020;466;
Tue Mar 17, 2020;655;
Wed Mar 18, 2020;658;
Thu Mar 19, 2020;649;
Fri Mar 20, 2020;489;
Sat Mar 21, 2020;227;
Sun Mar 22, 2020;209;
Mon Mar 23, 2020;311;
Tue Mar 24, 2020;287;
Wed Mar 25, 2020;288;
Thu Mar 26, 2020;252;
Fri Mar 27, 2020;277;
Sat Mar 28, 2020;278;
Sun Mar 29, 2020;173;
Mon Mar 30, 2020;220;
Tue Mar 31, 2020;271;
Wed Apr 1, 2020;281;
Thu Apr 2, 2020;287;
Fri Apr 3, 2020;301;
Sat Apr 4, 2020;281;
Sun Apr 5, 2020;328;
Mon Apr 6, 2020;191;
Tue Apr 7, 2020;339;
Wed Apr 8, 2020;395;
Thu Apr 9, 2020;419;
Fri Apr 10, 2020;423;
Sat Apr 11, 2020;432;
Sun Apr 12, 2020;375;
Mon Apr 13, 2020;296;
Tue Apr 14, 2020;431;
Wed Apr 15, 2020;433;
Thu Apr 16, 2020;445;
Fri Apr 17, 2020;408;
Sat Apr 18, 2020;446;
Sun Apr 19, 2020;295;
Mon Apr 20, 2020;344;
Tue Apr 21, 2020;395;
Wed Apr 22, 2020;537;
Thu Apr 23, 2020;553;
Fri Apr 24, 2020;502;
Sat Apr 25, 2020;384;
Sun Apr 26, 2020;584;
Mon Apr 27, 2020;365;
Tue Apr 28, 2020;425;
Wed Apr 29, 2020;329;
Thu Apr 30, 2020;324;
Fri May 1, 2020;432;
Sat May 2, 2020;311;
Sun May 3, 2020;492;
Mon May 4, 2020;612;
Tue May 5, 2020;534;
Wed May 6, 2020;669;
Thu May 7, 2020;684;
Fri May 8, 2020;502;
Sat May 9, 2020;672;
Sun May 10, 2020;610;
Mon May 11, 2020;536;
Tue May 12, 2020;1163;
Wed May 13, 2020;944;
Thu May 14, 2020;1218;
Fri May 15, 2020;1353;
Sat May 16, 2020;1780;
Sun May 17, 2020;2167;
Mon May 18, 2020;1620;
Tue May 19, 2020;1801;
Wed May 20, 2020;1715;
Thu May 21, 2020;2216;
Fri May 22, 2020;1723;
Sat May 23, 2020;1479;
Sun May 24, 2020;2267;
Mon May 25, 2020;1561;
Tue May 26, 2020;1794;
Wed May 27, 2020;1917;
Thu May 28, 2020;1856;
Fri May 29, 2020;1863;
Sat May 30, 2020;1916;
Sun May 31, 2020;2204;
Mon Jun 1, 2020;2136;
Tue Jun 2, 2020;1845;
Wed Jun 3, 2020;1634;
Thu Jun 4, 2020;979;
Fri Jun 5, 2020;1214;
Sat Jun 6, 2020;1424;
Sun Jun 7, 2020;1445;
Mon Jun 8, 2020;1265;
Tue Jun 9, 2020;1692;
Wed Jun 10, 2020;1435;
Thu Jun 11, 2020;951;
Fri Jun 12, 2020;1069;
Sat Jun 13, 2020;1054;
Sun Jun 14, 2020;1241;
Mon Jun 15, 2020;842;
Tue Jun 16, 2020;1108;
Wed Jun 17, 2020;1220;
Thu Jun 18, 2020;1039;
Fri Jun 19, 2020;1503;
Sat Jun 20, 2020;1921;
Sun Jun 21, 2020;1382;
Mon Jun 22, 2020;1869;
Tue Jun 23, 2020;1851;
Wed Jun 24, 2020;1902;
Thu Jun 25, 2020;1663;
Fri Jun 26, 2020;1724;
Sat Jun 27, 2020;1251;
Sun Jun 28, 2020;1232;
Mon Jun 29, 2020;1560;
Tue Jun 30, 2020;1591;
Wed Jul 1, 2020;1500;
Thu Jul 2, 2020;1542;
Fri Jul 3, 2020;1659;
Sat Jul 4, 2020;1445;
Sun Jul 5, 2020;1636;
Mon Jul 6, 2020;1520;
Tue Jul 7, 2020;1695;
Wed Jul 8, 2020;1764;
Thu Jul 9, 2020;1570;
Fri Jul 10, 2020;1309;
Sat Jul 11, 2020;1459;
Sun Jul 12, 2020;1598;
Mon Jul 13, 2020;1431;
Tue Jul 14, 2020;1662;
Wed Jul 15, 2020;1213;
Thu Jul 16, 2020;1367;
Fri Jul 17, 2020;1467;
Sat Jul 18, 2020;1399;
Sun Jul 19, 2020;1679;
Mon Jul 20, 2020;1337;
Tue Jul 21, 2020;1554;
Wed Jul 22, 2020;1467;
Thu Jul 23, 2020;1492;
Fri Jul 24, 2020;1405;
Sat Jul 25, 2020;1112;
Sun Jul 26, 2020;1643;
Mon Jul 27, 2020;1358;
Tue Jul 28, 2020;1426;
Wed Jul 29, 2020;1585;
Thu Jul 30, 2020;1353;
Fri Jul 31, 2020;1182;
Sat Aug 1, 2020;1298;
Sun Aug 2, 2020;1627;
Mon Aug 3, 2020;1025;
Tue Aug 4, 2020;1553;
Wed Aug 5, 2020;1343;
Thu Aug 6, 2020;1200;
Fri Aug 7, 2020;1155;
Sat Aug 8, 2020;945;
Sun Aug 9, 2020;1086;
Mon Aug 10, 2020;1039;
Tue Aug 11, 2020;1142;
Wed Aug 12, 2020;1154;
Thu Aug 13, 2020;699;
Fri Aug 14, 2020;1005;
Sat Aug 15, 2020;1386;
Sun Aug 16, 2020;1264;
Mon Aug 17, 2020;1070;
Tue Aug 18, 2020;1300;
Wed Aug 19, 2020;894;
Thu Aug 20, 2020;1266;
Fri Aug 21, 2020;1322;
Sat Aug 22, 2020;1132;
Sun Aug 23, 2020;1528;
Mon Aug 24, 2020;1411;
Tue Aug 25, 2020;1418;
Wed Aug 26, 2020;1464;
Thu Aug 27, 2020;1408;
Fri Aug 28, 2020;1240;
Sat Aug 29, 2020;1077;
Sun Aug 30, 2020;737;
Mon Aug 31, 2020;1481;
Tue Sep 1, 2020;1623;
Wed Sep 2, 2020;1870;
Thu Sep 3, 2020;1789;
Fri Sep 4, 2020;1834;
Sat Sep 5, 2020;1446;
Sun Sep 6, 2020;1652;
Mon Sep 7, 2020;1614;
Tue Sep 8, 2020;1827;
Wed Sep 9, 2020;1781;
Thu Sep 10, 2020;1838;
Fri Sep 11, 2020;1843;
Sat Sep 12, 2020;1829;
Sun Sep 13, 2020;1819;
Mon Sep 14, 2020;1718;
Tue Sep 15, 2020;1797;
Wed Sep 16, 2020;1848;
Thu Sep 17, 2020;1895;
Fri Sep 18, 2020;1801;
Sat Sep 19, 2020;1408;
Sun Sep 20, 2020;1447;
Mon Sep 21, 2020;1717;
Tue Sep 22, 2020;1647;
Wed Sep 23, 2020;1358;
Thu Sep 24, 2020;1210;
Fri Sep 25, 2020;1248;
Sat Sep 26, 2020;995;
Sun Sep 27, 2020;519;
Mon Sep 28, 2020;1493;
Tue Sep 29, 2020;1521;
Wed Sep 30, 2020;1455;
Thu Oct 1, 2020;1340;
Fri Oct 2, 2020;1116;
Sat Oct 3, 2020;646;
Sun Oct 4, 2020;942;
Mon Oct 5, 2020;959;
Tue Oct 6, 2020;1419;
Wed Oct 7, 2020;1560;
Thu Oct 8, 2020;1526;
Fri Oct 9, 2020;1213;
Sat Oct 10, 2020;1220;
Sun Oct 11, 2020;1093;
Mon Oct 12, 2020;1356;
Tue Oct 13, 2020;1315;
Wed Oct 14, 2020;1411;
Thu Oct 15, 2020;1377;
Fri Oct 16, 2020;1232;
Sat Oct 17, 2020;1086;
Sun Oct 18, 2020;1598;
Mon Oct 19, 2020;1303;
Tue Oct 20, 2020;937;
Wed Oct 21, 2020;1122;
Thu Oct 22, 2020;1191;
Fri Oct 23, 2020;1165;
Sat Oct 24, 2020;802;
Sun Oct 25, 2020;424;
Mon Oct 26, 2020;1072;
Tue Oct 27, 2020;660;
Wed Oct 28, 2020;950;
Thu Oct 29, 2020;1206;
Fri Oct 30, 2020;674;
Sat Oct 31, 2020;596;
Sun Nov 1, 2020;373;
Mon Nov 2, 2020;818;
Tue Nov 3, 2020;986;
Wed Nov 4, 2020;966;
Thu Nov 5, 2020;1027;
Fri Nov 6, 2020;1033;
Sat Nov 7, 2020;812;
Sun Nov 8, 2020;797;
Mon Nov 9, 2020;1022;
Tue Nov 10, 2020;1016;
Wed Nov 11, 2020;721;
Thu Nov 12, 2020;1020;
Fri Nov 13, 2020;1008;
Sat Nov 14, 2020;923;
Sun Nov 15, 2020;407;
Mon Nov 16, 2020;992;
Tue Nov 17, 2020;1069;
Wed Nov 18, 2020;1106;
Thu Nov 19, 2020;1020;
Fri Nov 20, 2020;1011;
Sat Nov 21, 2020;863;
Sun Nov 22, 2020;923;
Mon Nov 23, 2020;978;
Tue Nov 24, 2020;1081;
Wed Nov 25, 2020;1203;
Thu Nov 26, 2020;1111;
Fri Nov 27, 2020;1110;
Sat Nov 28, 2020;1707;
Sun Nov 29, 2020;1465;
Mon Nov 30, 2020;1074;
Tue Dec 1, 2020;1162;
Wed Dec 2, 2020;1100;
Thu Dec 3, 2020;706;
Fri Dec 4, 2020;996;
Sat Dec 5, 2020;624;
Sun Dec 6, 2020;484;
Mon Dec 7, 2020;961;
Tue Dec 8, 2020;1192;
Wed Dec 9, 2020;1044;
Thu Dec 10, 2020;798;
Fri Dec 11, 2020;877;
Sat Dec 12, 2020;1035;
Sun Dec 13, 2020;566;
Mon Dec 14, 2020;925;
Tue Dec 15, 2020;1152;
Wed Dec 16, 2020;1148;
Thu Dec 17, 2020;1122;
Fri Dec 18, 2020;1200;
Sat Dec 19, 2020;663;
Sun Dec 20, 2020;1156;
Mon Dec 21, 2020;569;
Tue Dec 22, 2020;672;
Wed Dec 23, 2020;710;
Thu Dec 24, 2020;411;
Fri Dec 25, 2020;305;
Sat Dec 26, 2020;577;
Sun Dec 27, 2020;143;
Mon Dec 28, 2020;396;
Tue Dec 29, 2020;701;
Wed Dec 30, 2020;846;
Thu Dec 31, 2020;659;
Fri Jan 1, 2021;528;
Sat Jan 2, 2021;794;
Sun Jan 3, 2021;575;
Mon Jan 4, 2021;687;
Tue Jan 5, 2021;881;
Wed Jan 6, 2021;898;
Thu Jan 7, 2021;1053;
Fri Jan 8, 2021;887;
Sat Jan 9, 2021;749;
Sun Jan 10, 2021;839;
Mon Jan 11, 2021;873;
Tue Jan 12, 2021;840;
Wed Jan 13, 2021;966;
Thu Jan 14, 2021;905;
Fri Jan 15, 2021;1089;
Sat Jan 16, 2021;561;
Sun Jan 17, 2021;1184;
Mon Jan 18, 2021;1016;
Tue Jan 19, 2021;1228;
Wed Jan 20, 2021;1017;
Thu Jan 21, 2021;731;
Fri Jan 22, 2021;930;
Sat Jan 23, 2021;611;
Sun Jan 24, 2021;568;
Mon Jan 25, 2021;1115;
Tue Jan 26, 2021;981;
Wed Jan 27, 2021;854;
Thu Jan 28, 2021;756;
Fri Jan 29, 2021;1111;
Sat Jan 30, 2021;629;
Sun Jan 31, 2021;813;
Mon Feb 1, 2021;884;
Tue Feb 2, 2021;893;
Wed Feb 3, 2021;902;
Thu Feb 4, 2021;967;
Fri Feb 5, 2021;1125;
Sat Feb 6, 2021;411;
Sun Feb 7, 2021;913;
Mon Feb 8, 2021;910;
Tue Feb 9, 2021;858;
Wed Feb 10, 2021;750;
Thu Feb 11, 2021;772;
Fri Feb 12, 2021;707;
Sat Feb 13, 2021;632;
Sun Feb 14, 2021;766;
Mon Feb 15, 2021;985;
Tue Feb 16, 2021;1110;
Wed Feb 17, 2021;1206;
Thu Feb 18, 2021;866;
Fri Feb 19, 2021;1403;
Sat Feb 20, 2021;1508;
Sun Feb 21, 2021;1717;
Mon Feb 22, 2021;937;
Tue Feb 23, 2021;1419;
Wed Feb 24, 2021;1634;
Thu Feb 25, 2021;1351;
Fri Feb 26, 2021;1204;
Sat Feb 27, 2021;1228;
Sun Feb 28, 2021;1337;
Mon Mar 1, 2021;1161;
Tue Mar 2, 2021;1164;
Wed Mar 3, 2021;1239;
Thu Mar 4, 2021;1018;
Fri Mar 5, 2021;876;
Sat Mar 6, 2021;1239;
Sun Mar 7, 2021;1096;
Mon Mar 8, 2021;1316;
Tue Mar 9, 2021;1421;
Wed Mar 10, 2021;1148;
Thu Mar 11, 2021;852;
Fri Mar 12, 2021;1076;
Sat Mar 13, 2021;711;
Sun Mar 14, 2021;1111;
Mon Mar 15, 2021;975;
Tue Mar 16, 2021;1152;
Wed Mar 17, 2021;1338;
Thu Mar 18, 2021;1102;
Fri Mar 19, 2021;1173;
Sat Mar 20, 2021;1305;
Sun Mar 21, 2021;1020;
Mon Mar 22, 2021;1246;
Tue Mar 23, 2021;1505;
Wed Mar 24, 2021;1818;
Thu Mar 25, 2021;1326;
Fri Mar 26, 2021;1256;
Sat Mar 27, 2021;1446;
Sun Mar 28, 2021;2202;
Mon Mar 29, 2021;1565;
Tue Mar 30, 2021;1804;
Wed Mar 31, 2021;1893;
Thu Apr 1, 2021;1807;
Fri Apr 2, 2021;1413;
Sat Apr 3, 2021;1113;
Sun Apr 4, 2021;1552;
Mon Apr 5, 2021;882;
Tue Apr 6, 2021;1124;
Wed Apr 7, 2021;1461;
Thu Apr 8, 2021;1467;
Fri Apr 9, 2021;1313;
Sat Apr 10, 2021;857;
Sun Apr 11, 2021;1023;
Mon Apr 12, 2021;1431;
Tue Apr 13, 2021;1381;
Wed Apr 14, 2021;1577;
Thu Apr 15, 2021;1371;
Fri Apr 16, 2021;1369;
Sat Apr 17, 2021;1455;
Sun Apr 18, 2021;2260;
Mon Apr 19, 2021;1520;
Tue Apr 20, 2021;1679;
Wed Apr 21, 2021;1905;
Thu Apr 22, 2021;1960;
Fri Apr 23, 2021;1946;
Sat Apr 24, 2021;2273;
Sun Apr 25, 2021;2448;
Mon Apr 26, 2021;1382;
Tue Apr 27, 2021;1750;
Wed Apr 28, 2021;1597;
Thu Apr 29, 2021;1580;
Fri Apr 30, 2021;1098;
Sat May 1, 2021;1605;
Sun May 2, 2021;1930;
Mon May 3, 2021;1509;
Tue May 4, 2021;751;
Wed May 5, 2021;1380;
Thu May 6, 2021;790;
Fri May 7, 2021;1532;
Sat May 8, 2021;1772;
Sun May 9, 2021;1375;
Mon May 10, 2021;1329;
Tue May 11, 2021;1045;
Wed May 12, 2021;1178;
Thu May 13, 2021;991;
Fri May 14, 2021;936;
Sat May 15, 2021;1001;
Sun May 16, 2021;1069;
Mon May 17, 2021;1115;
Tue May 18, 2021;1328;
Wed May 19, 2021;1370;
Thu May 20, 2021;1558;
Fri May 21, 2021;1471;
Sat May 22, 2021;1148;
Sun May 23, 2021;1698;
Mon May 24, 2021;779;
Tue May 25, 2021;1473;
Wed May 26, 2021;1235;
Thu May 27, 2021;1732;
Fri May 28, 2021;1969;
Sat May 29, 2021;1854;
Sun May 30, 2021;2129;
Mon May 31, 2021;1929;
Tue Jun 1, 2021;2072;
Wed Jun 2, 2021;1695;
Thu Jun 3, 2021;1854;
Fri Jun 4, 2021;1048;
Sat Jun 5, 2021;1935;
Sun Jun 6, 2021;2097;
Mon Jun 7, 2021;1746;
Tue Jun 8, 2021;2011;
Wed Jun 9, 2021;2181;
Thu Jun 10, 2021;2036;
Fri Jun 11, 2021;2147;
Sat Jun 12, 2021;2057;
Sun Jun 13, 2021;2113;
Mon Jun 14, 2021;1913;
Tue Jun 15, 2021;2120;
Wed Jun 16, 2021;1936;
Thu Jun 17, 2021;1354;
Fri Jun 18, 2021;1579;
Sat Jun 19, 2021;1281;
Sun Jun 20, 2021;1665;
Mon Jun 21, 2021;1438;
Tue Jun 22, 2021;1348;
Wed Jun 23, 2021;1353;
Thu Jun 24, 2021;1913;
Fri Jun 25, 2021;1683;
Sat Jun 26, 2021;1491;
Sun Jun 27, 2021;562;
Mon Jun 28, 2021;1375;
Tue Jun 29, 2021;1580;
Wed Jun 30, 2021;1604;
Thu Jul 1, 2021;2725;
Fri Jul 2, 2021;1888;
Sat Jul 3, 2021;1247;
Sun Jul 4, 2021;1091;
Mon Jul 5, 2021;1262;
Tue Jul 6, 2021;1747;
Wed Jul 7, 2021;1600;
Thu Jul 8, 2021;1690;
Fri Jul 9, 2021;1678;
Sat Jul 10, 2021;1069;
Sun Jul 11, 2021;1648;
Mon Jul 12, 2021;1119;
Tue Jul 13, 2021;724;
Wed Jul 14, 2021;1336;
Thu Jul 15, 2021;1676;
Fri Jul 16, 2021;1446;
Sat Jul 17, 2021;1624;
Sun Jul 18, 2021;1643;
Mon Jul 19, 2021;1484;
Tue Jul 20, 2021;1584;
Wed Jul 21, 2021;1613;
Thu Jul 22, 2021;1795;
Fri Jul 23, 2021;1483;
Sat Jul 24, 2021;1203;
Sun Jul 25, 2021;1033;
Mon Jul 26, 2021;1422;
Tue Jul 27, 2021;847;
Wed Jul 28, 2021;1559;
Thu Jul 29, 2021;1559;
Fri Jul 30, 2021;1374;
Sat Jul 31, 2021;1422;
Sun Aug 1, 2021;1528;
Mon Aug 2, 2021;1366;
Tue Aug 3, 2021;1198;
Wed Aug 4, 2021;824;
Thu Aug 5, 2021;1017;
Fri Aug 6, 2021;1117;
Sat Aug 7, 2021;881;
Sun Aug 8, 2021;1274;
Mon Aug 9, 2021;1303;
Tue Aug 10, 2021;1706;
Wed Aug 11, 2021;1527;
Thu Aug 12, 2021;1580;
Fri Aug 13, 2021;1410;
Sat Aug 14, 2021;1379;
Sun Aug 15, 2021;1543;
Mon Aug 16, 2021;1191;
Tue Aug 17, 2021;1374;
Wed Aug 18, 2021;1509;
Thu Aug 19, 2021;1426;
Fri Aug 20, 2021;1645;
Sat Aug 21, 2021;1314;
Sun Aug 22, 2021;1603;
Mon Aug 23, 2021;1479;
Tue Aug 24, 2021;1686;
Wed Aug 25, 2021;1802;
Thu Aug 26, 2021;1743;
Fri Aug 27, 2021;1628;
Sat Aug 28, 2021;1624;
Sun Aug 29, 2021;1512;
Mon Aug 30, 2021;1461;
Tue Aug 31, 2021;1784;
Wed Sep 1, 2021;1887;
Thu Sep 2, 2021;1965;
Fri Sep 3, 2021;1859;
Sat Sep 4, 2021;1629;
Sun Sep 5, 2021;2272;
Mon Sep 6, 2021;1797;
Tue Sep 7, 2021;2031;
Wed Sep 8, 2021;1668;
Thu Sep 9, 2021;1724;
Fri Sep 10, 2021;1636;
Sat Sep 11, 2021;2090;
Sun Sep 12, 2021;2231;
Mon Sep 13, 2021;1871;
Tue Sep 14, 2021;1485;
Wed Sep 15, 2021;1735;
Thu Sep 16, 2021;1827;
Fri Sep 17, 2021;1772;
Sat Sep 18, 2021;904;
Sun Sep 19, 2021;757;
Mon Sep 20, 2021;1456;
Tue Sep 21, 2021;1899;
Wed Sep 22, 2021;1986;
Thu Sep 23, 2021;2049;
Fri Sep 24, 2021;1940;
Sat Sep 25, 2021;1096;
Sun Sep 26, 2021;1516;
Mon Sep 27, 2021;1433;
Tue Sep 28, 2021;1760;
Wed Sep 29, 2021;1878;
Thu Sep 30, 2021;1823;
Fri Oct 1, 2021;1366;
Sat Oct 2, 2021;799;
Sun Oct 3, 2021;860;
Mon Oct 4, 2021;1509;
Tue Oct 5, 2021;1279;
Wed Oct 6, 2021;1875;
Thu Oct 7, 2021;1776;
Fri Oct 8, 2021;1747;
Sat Oct 9, 2021;1596;
Sun Oct 10, 2021;4077;
Mon Oct 11, 2021;1611;
Tue Oct 12, 2021;1726;
Wed Oct 13, 2021;1783;
Thu Oct 14, 2021;1878;
Fri Oct 15, 2021;1836;
Sat Oct 16, 2021;1613;
Sun Oct 17, 2021;1632;
Mon Oct 18, 2021;1496;
Tue Oct 19, 2021;1929;
Wed Oct 20, 2021;1426;
Thu Oct 21, 2021;1427;
Fri Oct 22, 2021;1634;
Sat Oct 23, 2021;1281;
Sun Oct 24, 2021;1377;
Mon Oct 25, 2021;1016;
Tue Oct 26, 2021;1326;
Wed Oct 27, 2021;1410;
Thu Oct 28, 2021;1539;
Fri Oct 29, 2021;894;
Sat Oct 30, 2021;738;
Sun Oct 31, 2021;673;
Mon Nov 1, 2021;969;
Tue Nov 2, 2021;905;
Wed Nov 3, 2021;975;
Thu Nov 4, 2021;997;
Fri Nov 5, 2021;1157;
Sat Nov 6, 2021;1141;
Sun Nov 7, 2021;714;
Mon Nov 8, 2021;1416;
Tue Nov 9, 2021;1509;
Wed Nov 10, 2021;1496;
Thu Nov 11, 2021;1284;
Fri Nov 12, 2021;1317;
Sat Nov 13, 2021;895;
Sun Nov 14, 2021;839;
Mon Nov 15, 2021;1293;
Tue Nov 16, 2021;1438;
Wed Nov 17, 2021;1444;
Thu Nov 18, 2021;1438;
Fri Nov 19, 2021;1406;
Sat Nov 20, 2021;1007;
Sun Nov 21, 2021;682;
Mon Nov 22, 2021;1178;
Tue Nov 23, 2021;1263;
Wed Nov 24, 2021;1299;
Thu Nov 25, 2021;1282;
Fri Nov 26, 2021;1165;
Sat Nov 27, 2021;612;
Sun Nov 28, 2021;704;
Mon Nov 29, 2021;1212;
Tue Nov 30, 2021;1233;
Wed Dec 1, 2021;1152;
Thu Dec 2, 2021;1279;
Fri Dec 3, 2021;880;
Sat Dec 4, 2021;750;
Sun Dec 5, 2021;773;
Mon Dec 6, 2021;1065;
Tue Dec 7, 2021;962;
Wed Dec 8, 2021;1307;
Thu Dec 9, 2021;1157;
Fri Dec 10, 2021;1095;
Sat Dec 11, 2021;846;
Sun Dec 12, 2021;697;
Mon Dec 13, 2021;1210;
Tue Dec 14, 2021;1251;
Wed Dec 15, 2021;1252;
Thu Dec 16, 2021;1307;
Fri Dec 17, 2021;1165;
Sat Dec 18, 2021;957;
Sun Dec 19, 2021;828;
Mon Dec 20, 2021;823;
Tue Dec 21, 2021;899;
Wed Dec 22, 2021;787;
Thu Dec 23, 2021;820;
Fri Dec 24, 2021;504;
Sat Dec 25, 2021;287;
Sun Dec 26, 2021;412;
Mon Dec 27, 2021;529;
Tue Dec 28, 2021;599;
Wed Dec 29, 2021;542;
Thu Dec 30, 2021;894;
Fri Dec 31, 2021;929;
Sat Jan 1, 2022;917;
Sun Jan 2, 2022;892;
Mon Jan 3, 2022;1035;
Tue Jan 4, 2022;847;
Wed Jan 5, 2022;1280;
Thu Jan 6, 2022;1127;
Fri Jan 7, 2022;1097;
Sat Jan 8, 2022;657;
Sun Jan 9, 2022;1068;
Mon Jan 10, 2022;973;
Tue Jan 11, 2022;1317;
Wed Jan 12, 2022;1201;
Thu Jan 13, 2022;1104;
Fri Jan 14, 2022;980;
Sat Jan 15, 2022;687;
Sun Jan 16, 2022;574;
Mon Jan 17, 2022;970;
Tue Jan 18, 2022;1127;
Wed Jan 19, 2022;1129;
Thu Jan 20, 2022;1216;
Fri Jan 21, 2022;1182;
Sat Jan 22, 2022;908;
Sun Jan 23, 2022;756;
Mon Jan 24, 2022;938;
Tue Jan 25, 2022;1021;
Wed Jan 26, 2022;1029;
Thu Jan 27, 2022;1078;
Fri Jan 28, 2022;1084;
Sat Jan 29, 2022;862;
Sun Jan 30, 2022;971;
Mon Jan 31, 2022;1148;
Tue Feb 1, 2022;1134;
Wed Feb 2, 2022;1230;
Thu Feb 3, 2022;1227;
Fri Feb 4, 2022;971;
Sat Feb 5, 2022;1070;
Sun Feb 6, 2022;541;
Mon Feb 7, 2022;1104;
Tue Feb 8, 2022;1308;
Wed Feb 9, 2022;1267;
Thu Feb 10, 2022;880;
Fri Feb 11, 2022;1083;
Sat Feb 12, 2022;998;
Sun Feb 13, 2022;935;
Mon Feb 14, 2022;701;
Tue Feb 15, 2022;792;
Wed Feb 16, 2022;614;
Thu Feb 17, 2022;1096;
Fri Feb 18, 2022;647;
Sat Feb 19, 2022;1089;
Sun Feb 20, 2022;676;
Mon Feb 21, 2022;1067;
Tue Feb 22, 2022;1162;
Wed Feb 23, 2022;1345;
Thu Feb 24, 2022;1253;
Fri Feb 25, 2022;1404;
Sat Feb 26, 2022;1374;
Sun Feb 27, 2022;1508;
Mon Feb 28, 2022;1488;
Tue Mar 1, 2022;1424;
Wed Mar 2, 2022;1397;
Thu Mar 3, 2022;1440;
Fri Mar 4, 2022;1140;
Sat Mar 5, 2022;983;
Sun Mar 6, 2022;1330;
Mon Mar 7, 2022;1311;
Tue Mar 8, 2022;1470;
Wed Mar 9, 2022;1579;
Thu Mar 10, 2022;1495;
Fri Mar 11, 2022;1057;
Sat Mar 12, 2022;892;
Sun Mar 13, 2022;586;
Mon Mar 14, 2022;1540;
Tue Mar 15, 2022;1443;
Wed Mar 16, 2022;1534;
Thu Mar 17, 2022;1474;
Fri Mar 18, 2022;1418;
Sat Mar 19, 2022;1265;
Sun Mar 20, 2022;1464;
Mon Mar 21, 2022;1562;
Tue Mar 22, 2022;1734;
Wed Mar 23, 2022;1885;
Thu Mar 24, 2022;1807;
Fri Mar 25, 2022;1714;
Sat Mar 26, 2022;1695;
Sun Mar 27, 2022;1927;
Mon Mar 28, 2022;1572;
Tue Mar 29, 2022;1431;
Wed Mar 30, 2022;1347;
Thu Mar 31, 2022;1219;
Fri Apr 1, 2022;883;
Sat Apr 2, 2022;953;
Sun Apr 3, 2022;891;
Mon Apr 4, 2022;1291;
Tue Apr 5, 2022;1275;
Wed Apr 6, 2022;1379;
Thu Apr 7, 2022;939;
Fri Apr 8, 2022;669;
Sat Apr 9, 2022;1163;
Sun Apr 10, 2022;1576;
Mon Apr 11, 2022;1423;
Tue Apr 12, 2022;1177;
Wed Apr 13, 2022;1078;
Thu Apr 14, 2022;1564;
Fri Apr 15, 2022;1367;
Sat Apr 16, 2022;1422;
Sun Apr 17, 2022;1497;
Mon Apr 18, 2022;1251;
Tue Apr 19, 2022;1041;
Wed Apr 20, 2022;1303;
Thu Apr 21, 2022;1549;
Fri Apr 22, 2022;1409;
Sat Apr 23, 2022;1064;
Sun Apr 24, 2022;1040;
Mon Apr 25, 2022;1201;
Tue Apr 26, 2022;1841;
Wed Apr 27, 2022;1904;
Thu Apr 28, 2022;1828;
Fri Apr 29, 2022;1756;
Sat Apr 30, 2022;1750;
Sun May 1, 2022;1959;
Mon May 2, 2022;1805;
Tue May 3, 2022;1898;
Wed May 4, 2022;1881;
Thu May 5, 2022;1967;
Fri May 6, 2022;1887;
Sat May 7, 2022;1810;
Sun May 8, 2022;2112;
Mon May 9, 2022;1817;
Tue May 10, 2022;2045;
Wed May 11, 2022;2082;
Thu May 12, 2022;1957;
Fri May 13, 2022;1890;
Sat May 14, 2022;1848;
Sun May 15, 2022;1504;
Mon May 16, 2022;1774;
Tue May 17, 2022;2035;
Wed May 18, 2022;2010;
Thu May 19, 2022;1976;
Fri May 20, 2022;1858;
Sat May 21, 2022;2078;
Sun May 22, 2022;1579;
Mon May 23, 2022;1105;
Tue May 24, 2022;1702;
Wed May 25, 2022;1896;
Thu May 26, 2022;1522;
Fri May 27, 2022;1387;
Sat May 28, 2022;1686;
Sun May 29, 2022;1579;
Mon May 30, 2022;1753;
Tue May 31, 2022;2153;
Wed Jun 1, 2022;2138;
Thu Jun 2, 2022;2158;
Fri Jun 3, 2022;1630;
Sat Jun 4, 2022;1047;
Sun Jun 5, 2022;1875;
Mon Jun 6, 2022;1319;
Tue Jun 7, 2022;1678;
Wed Jun 8, 2022;1591;
Thu Jun 9, 2022;1982;
Fri Jun 10, 2022;2059;
Sat Jun 11, 2022;2050;
Sun Jun 12, 2022;1899;
Mon Jun 13, 2022;1955;
Tue Jun 14, 2022;2078;
Wed Jun 15, 2022;2174;
Thu Jun 16, 2022;2030;
Fri Jun 17, 2022;1908;
Sat Jun 18, 2022;1405;
Sun Jun 19, 2022;1664;
Mon Jun 20, 2022;1992;
Tue Jun 21, 2022;2022;
Wed Jun 22, 2022;1520;
Thu Jun 23, 2022;1723;
Fri Jun 24, 2022;1504;
Sat Jun 25, 2022;691;
Sun Jun 26, 2022;1973;
Mon Jun 27, 2022;1792;
Tue Jun 28, 2022;2076;
Wed Jun 29, 2022;1762;
Thu Jun 30, 2022;1040;
Fri Jul 1, 2022;1814;
Sat Jul 2, 2022;1849;
Sun Jul 3, 2022;2154;
Mon Jul 4, 2022;1893;
Tue Jul 5, 2022;2032;
Wed Jul 6, 2022;1926;
Thu Jul 7, 2022;1879;
Fri Jul 8, 2022;1832;
Sat Jul 9, 2022;1604;
Sun Jul 10, 2022;1629;
Mon Jul 11, 2022;1671;
Tue Jul 12, 2022;1723;
Wed Jul 13, 2022;1463;
Thu Jul 14, 2022;1317;
Fri Jul 15, 2022;1613;
Sat Jul 16, 2022;1347;
Sun Jul 17, 2022;1408;
Mon Jul 18, 2022;1168;
Tue Jul 19, 2022;1390;
Wed Jul 20, 2022;1399;
Thu Jul 21, 2022;1783;
Fri Jul 22, 2022;1346;
Sat Jul 23, 2022;1548;
Sun Jul 24, 2022;1548;
Mon Jul 25, 2022;1432;
Tue Jul 26, 2022;1663;
Wed Jul 27, 2022;1733;
Thu Jul 28, 2022;1566;
Fri Jul 29, 2022;1546;
Sat Jul 30, 2022;1383;
Sun Jul 31, 2022;1525;
Mon Aug 1, 2022;1533;
Tue Aug 2, 2022;1574;
Wed Aug 3, 2022;1413;
Thu Aug 4, 2022;1422;
Fri Aug 5, 2022;1526;
Sat Aug 6, 2022;1321;
Sun Aug 7, 2022;1433;
Mon Aug 8, 2022;1381;
Tue Aug 9, 2022;1497;
Wed Aug 10, 2022;1470;
Thu Aug 11, 2022;1454;
Fri Aug 12, 2022;1304;
Sat Aug 13, 2022;1153;
Sun Aug 14, 2022;1067;
Mon Aug 15, 2022;1185;
Tue Aug 16, 2022;1104;
Wed Aug 17, 2022;1272;
Thu Aug 18, 2022;1656;
Fri Aug 19, 2022;1260;
Sat Aug 20, 2022;1517;
Sun Aug 21, 2022;1334;
Mon Aug 22, 2022;1466;
Tue Aug 23, 2022;1705;
Wed Aug 24, 2022;1752;
Thu Aug 25, 2022;1511;
Fri Aug 26, 2022;1670;
Sat Aug 27, 2022;1710;
Sun Aug 28, 2022;1954;
Mon Aug 29, 2022;1813;
Tue Aug 30, 2022;1891;
Wed Aug 31, 2022;1906;
Thu Sep 1, 2022;2030;
Fri Sep 2, 2022;1531;
Sat Sep 3, 2022;1630;
Sun Sep 4, 2022;2203;
Mon Sep 5, 2022;1639;
Tue Sep 6, 2022;2045;
Wed Sep 7, 2022;1323;
Thu Sep 8, 2022;1653;
Fri Sep 9, 2022;1581;
Sat Sep 10, 2022;1626;
Sun Sep 11, 2022;1939;
Mon Sep 12, 2022;2001;
Tue Sep 13, 2022;1997;
Wed Sep 14, 2022;1546;
Thu Sep 15, 2022;1944;
Fri Sep 16, 2022;1868;
Sat Sep 17, 2022;1813;
Sun Sep 18, 2022;1940;
Mon Sep 19, 2022;1949;
Tue Sep 20, 2022;2065;
Wed Sep 21, 2022;2106;
Thu Sep 22, 2022;2119;
Fri Sep 23, 2022;1842;
Sat Sep 24, 2022;1356;
Sun Sep 25, 2022;1793;
Mon Sep 26, 2022;1339;
Tue Sep 27, 2022;1522;
Wed Sep 28, 2022;1382;
Thu Sep 29, 2022;1602;
Fri Sep 30, 2022;1752;
Sat Oct 1, 2022;841;
Sun Oct 2, 2022;1136;
Mon Oct 3, 2022;1635;
Tue Oct 4, 2022;2025;
Wed Oct 5, 2022;1910;
Thu Oct 6, 2022;1855;
Fri Oct 7, 2022;1805;
Sat Oct 8, 2022;1602;
Sun Oct 9, 2022;2118;
Mon Oct 10, 2022;1887;
Tue Oct 11, 2022;1970;
Wed Oct 12, 2022;2084;
Thu Oct 13, 2022;1417;
Fri Oct 14, 2022;1222;
Sat Oct 15, 2022;1065;
Sun Oct 16, 2022;1524;
Mon Oct 17, 2022;1212;
Tue Oct 18, 2022;2009;
Wed Oct 19, 2022;2179;
Thu Oct 20, 2022;1618;
Fri Oct 21, 2022;1726;
Sat Oct 22, 2022;1429;
Sun Oct 23, 2022;1228;
Mon Oct 24, 2022;1306;
Tue Oct 25, 2022;1545;
Wed Oct 26, 2022;1699;
Thu Oct 27, 2022;1643;
Fri Oct 28, 2022;1532;
Sat Oct 29, 2022;1206;
Sun Oct 30, 2022;1066;
Mon Oct 31, 2022;872;
Tue Nov 1, 2022;1148;
Wed Nov 2, 2022;1328;
Thu Nov 3, 2022;876;
Fri Nov 4, 2022;1059;
Sat Nov 5, 2022;1111;
Sun Nov 6, 2022;700;
Mon Nov 7, 2022;1433;
Tue Nov 8, 2022;1435;
Wed Nov 9, 2022;1673;
Thu Nov 10, 2022;1590;
Fri Nov 11, 2022;1230;
Sat Nov 12, 2022;1366;
Sun Nov 13, 2022;1401;
Mon Nov 14, 2022;1465;
Tue Nov 15, 2022;1101;
Wed Nov 16, 2022;1244;
Thu Nov 17, 2022;1221;
Fri Nov 18, 2022;1507;
Sat Nov 19, 2022;1207;
Sun Nov 20, 2022;650;
Mon Nov 21, 2022;1158;
Tue Nov 22, 2022;1445;
Wed Nov 23, 2022;1371;
Thu Nov 24, 2022;1412;
Fri Nov 25, 2022;1486;
Sat Nov 26, 2022;989;
Sun Nov 27, 2022;810;
Mon Nov 28, 2022;1320;
Tue Nov 29, 2022;1486;
Wed Nov 30, 2022;1404;
Thu Dec 1, 2022;1397;
Fri Dec 2, 2022;1265;
Sat Dec 3, 2022;779;
Sun Dec 4, 2022;631;
Mon Dec 5, 2022;1248;
Tue Dec 6, 2022;1265;
Wed Dec 7, 2022;1449;
Thu Dec 8, 2022;1289;
Fri Dec 9, 2022;1177;
Sat Dec 10, 2022;781;
Sun Dec 11, 2022;636;
Mon Dec 12, 2022;1110;
Tue Dec 13, 2022;1127;
Wed Dec 14, 2022;904;
Thu Dec 15, 2022;1029;
Fri Dec 16, 2022;1006;
Sat Dec 17, 2022;658;
Sun Dec 18, 2022;559;
Mon Dec 19, 2022;834;
Tue Dec 20, 2022;700;
Wed Dec 21, 2022;676;
Thu Dec 22, 2022;567;
Fri Dec 23, 2022;507;
Sat Dec 24, 2022;416;
Sun Dec 25, 2022;315;
Mon Dec 26, 2022;484;
Tue Dec 27, 2022;693;
Wed Dec 28, 2022;564;
Thu Dec 29, 2022;702;
Fri Dec 30, 2022;399;
Sat Dec 31, 2022;730;
Sun Jan 1, 2023;487;
Mon Jan 2, 2023;762;
Tue Jan 3, 2023;1393;
Wed Jan 4, 2023;1103;
Thu Jan 5, 2023;1245;
Fri Jan 6, 2023;1318;
Sat Jan 7, 2023;802;
Sun Jan 8, 2023;612;
Mon Jan 9, 2023;1290;
Tue Jan 10, 2023;1114;
Wed Jan 11, 2023;1398;
Thu Jan 12, 2023;1165;
Fri Jan 13, 2023;1328;
Sat Jan 14, 2023;534;
Sun Jan 15, 2023;891;
Mon Jan 16, 2023;974;
Tue Jan 17, 2023;968;
Wed Jan 18, 2023;1246;
Thu Jan 19, 2023;1319;
Fri Jan 20, 2023;1120;
Sat Jan 21, 2023;742;
Sun Jan 22, 2023;640;
Mon Jan 23, 2023;1048;
Tue Jan 24, 2023;1109;
Wed Jan 25, 2023;1177;
Thu Jan 26, 2023;1159;
Fri Jan 27, 2023;1130;
Sat Jan 28, 2023;842;
Sun Jan 29, 2023;782;
Mon Jan 30, 2023;1108;
Tue Jan 31, 2023;1385;
Wed Feb 1, 2023;1336;
Thu Feb 2, 2023;1310;
Fri Feb 3, 2023;1387;
Sat Feb 4, 2023;935;
Sun Feb 5, 2023;1168;
Mon Feb 6, 2023;1196;
Tue Feb 7, 2023;1435;
Wed Feb 8, 2023;1364;
Thu Feb 9, 2023;1337;
Fri Feb 10, 2023;1215;
Sat Feb 11, 2023;1201;
Sun Feb 12, 2023;1025;
Mon Feb 13, 2023;1065;
Tue Feb 14, 2023;1276;
Wed Feb 15, 2023;1299;
Thu Feb 16, 2023;1201;
Fri Feb 17, 2023;928;
Sat Feb 18, 2023;828;
Sun Feb 19, 2023;971;
Mon Feb 20, 2023;1077;
Tue Feb 21, 2023;1153;
Wed Feb 22, 2023;733;
Thu Feb 23, 2023;721;
Fri Feb 24, 2023;738;
Sat Feb 25, 2023;773;
Sun Feb 26, 2023;779;
Mon Feb 27, 2023;1136;
Tue Feb 28, 2023;1289;
Wed Mar 1, 2023;1435;
Thu Mar 2, 2023;1457;
Fri Mar 3, 2023;1319;
Sat Mar 4, 2023;1089;
Sun Mar 5, 2023;921;
Mon Mar 6, 2023;1301;
Tue Mar 7, 2023;1541;
Wed Mar 8, 2023;993;
Thu Mar 9, 2023;1101;
Fri Mar 10, 2023;950;
Sat Mar 11, 2023;821;
Sun Mar 12, 2023;1146;
Mon Mar 13, 2023;986;
Tue Mar 14, 2023;1313;
Wed Mar 15, 2023;1633;
Thu Mar 16, 2023;1724;
Fri Mar 17, 2023;1238;
Sat Mar 18, 2023;761;
Sun Mar 19, 2023;923;
Mon Mar 20, 2023;1555;
Tue Mar 21, 2023;1512;
Wed Mar 22, 2023;1440;
Thu Mar 23, 2023;1385;
Fri Mar 24, 2023;1245;
Sat Mar 25, 2023;1045;
Sun Mar 26, 2023;538;
Mon Mar 27, 2023;1413;
Tue Mar 28, 2023;1702;
Wed Mar 29, 2023;1812;
Thu Mar 30, 2023;1605;
Fri Mar 31, 2023;1033;
Sat Apr 1, 2023;887;
Sun Apr 2, 2023;872;
Mon Apr 3, 2023;1468;
Tue Apr 4, 2023;1780;
Wed Apr 5, 2023;1718;
Thu Apr 6, 2023;1451;
Fri Apr 7, 2023;1396;
Sat Apr 8, 2023;1380;
Sun Apr 9, 2023;1559;
Mon Apr 10, 2023;719;
Tue Apr 11, 2023;1468;
Wed Apr 12, 2023;1219;
Thu Apr 13, 2023;1464;
Fri Apr 14, 2023;936;
Sat Apr 15, 2023;1108;
Sun Apr 16, 2023;1314;
Mon Apr 17, 2023;1274;
Tue Apr 18, 2023;1508;
Wed Apr 19, 2023;1502;
Thu Apr 20, 2023;1579;
Fri Apr 21, 2023;1377;
Sat Apr 22, 2023;981;
Sun Apr 23, 2023;603;
Mon Apr 24, 2023;1086;
Tue Apr 25, 2023;1308;
Wed Apr 26, 2023;1245;
Thu Apr 27, 2023;1090;
Fri Apr 28, 2023;1262;
Sat Apr 29, 2023;1405;
Sun Apr 30, 2023;1853;
Mon May 1, 2023;1523;
Tue May 2, 2023;1901;
Wed May 3, 2023;2112;
Thu May 4, 2023;1844;
Fri May 5, 2023;1488;
Sat May 6, 2023;1589;
Sun May 7, 2023;1377;
Mon May 8, 2023;1439;
Tue May 9, 2023;964;
Wed May 10, 2023;1515;
Thu May 11, 2023;1424;
Fri May 12, 2023;1660;
Sat May 13, 2023;1394;
Sun May 14, 2023;1589;
Mon May 15, 2023;1551;
Tue May 16, 2023;1772;
Wed May 17, 2023;1775;
Thu May 18, 2023;1517;
Fri May 19, 2023;1736;
Sat May 20, 2023;1401;
Sun May 21, 2023;1629;
Mon May 22, 2023;;
